Type,Name,Request Count,Failure Count,Median Response Time,Average Response Time,Min Response Time,Max Response Time,Average Content Size,Requests/s,Failures/s,50%,66%,75%,80%,90%,95%,98%,99%,99.9%,99.99%,100%
GET,/?p=5,19675,0,4,135.2190677206612,2.0441000006030663,7569.916949999424,2484.691639135959,327.8225411043462,0.0,4,6,8,10,17,190,3200,3700,7500,7600,7600
,Aggregated,19675,0,4,135.2190677206612,2.0441000006030663,7569.916949999424,2484.691639135959,327.8225411043462,0.0,4,6,8,10,17,190,3200,3700,7500,7600,7600
