Type,Name,Request Count,Failure Count,Median Response Time,Average Response Time,Min Response Time,Max Response Time,Average Content Size,Requests/s,Failures/s,50%,66%,75%,80%,90%,95%,98%,99%,99.9%,99.99%,100%
GET,/?p=1,19759,0,4,122.43433569345892,2.0189069991829456,7545.135860999835,2447.116098992864,329.35360043826887,0.0,4,6,8,9,15,160,2100,3300,7500,7500,7500
,Aggregated,19759,0,4,122.43433569345892,2.0189069991829456,7545.135860999835,2447.116098992864,329.35360043826887,0.0,4,6,8,9,15,160,2100,3300,7500,7500,7500
