Type,Name,Request Count,Failure Count,Median Response Time,Average Response Time,Min Response Time,Max Response Time,Average Content Size,Requests/s,Failures/s,50%,66%,75%,80%,90%,95%,98%,99%,99.9%,99.99%,100%
GET,/?p=1,2040,0,12,17.10208305441403,2.3241890003191656,216.2615689994709,2527.3754901960783,34.00871791999236,0.0,12,13,14,14,18,27,150,190,210,220,220
,Aggregated,2040,0,12,17.10208305441403,2.3241890003191656,216.2615689994709,2527.3754901960783,34.00871791999236,0.0,12,13,14,14,18,27,150,190,210,220,220
