Type,Name,Request Count,Failure Count,Median Response Time,Average Response Time,Min Response Time,Max Response Time,Average Content Size,Requests/s,Failures/s,50%,66%,75%,80%,90%,95%,98%,99%,99.9%,99.99%,100%
GET,/?p=5,2073,0,12,16.491556039073256,2.1346109997466556,195.65753799997765,2377.5388326097445,34.58023710153274,0.0,12,13,14,14,17,26,130,170,190,200,200
,Aggregated,2073,0,12,16.491556039073256,2.1346109997466556,195.65753799997765,2377.5388326097445,34.58023710153274,0.0,12,13,14,14,17,26,130,170,190,200,200
