Type,Name,Request Count,Failure Count,Median Response Time,Average Response Time,Min Response Time,Max Response Time,Average Content Size,Requests/s,Failures/s,50%,66%,75%,80%,90%,95%,98%,99%,99.9%,99.99%,100%
GET,/?p=5,205,0,13,12.029911273216053,2.9079850000925944,31.83878799973172,2505.190243902439,3.4335859619644538,0.0,13,14,14,14,16,16,18,21,32,32,32
,Aggregated,205,0,13,12.029911273216053,2.9079850000925944,31.83878799973172,2505.190243902439,3.4335859619644538,0.0,13,14,14,14,16,16,18,21,32,32,32
