Type,Name,Request Count,Failure Count,Median Response Time,Average Response Time,Min Response Time,Max Response Time,Average Content Size,Requests/s,Failures/s,50%,66%,75%,80%,90%,95%,98%,99%,99.9%,99.99%,100%
GET,/?p=1,217,0,12,11.633515539220493,3.0900909996489645,33.903321999787295,2349.7972350230416,3.642208924454223,0.0,12,13,14,14,15,16,19,21,34,34,34
,Aggregated,217,0,12,11.633515539220493,3.0900909996489645,33.903321999787295,2349.7972350230416,3.642208924454223,0.0,12,13,14,14,15,16,19,21,34,34,34
