Type,Name,Request Count,Failure Count,Median Response Time,Average Response Time,Min Response Time,Max Response Time,Average Content Size,Requests/s,Failures/s,50%,66%,75%,80%,90%,95%,98%,99%,99.9%,99.99%,100%
GET,/?p=1,19678,0,4,130.46245203013356,2.0590989997799625,7631.975688000239,2566.7168411423927,327.90186761347394,0.0,4,6,8,9,16,160,3200,3600,7600,7600,7600
,Aggregated,19678,0,4,130.46245203013356,2.0590989997799625,7631.975688000239,2566.7168411423927,327.90186761347394,0.0,4,6,8,9,16,160,3200,3600,7600,7600,7600
