Type,Name,Request Count,Failure Count,Median Response Time,Average Response Time,Min Response Time,Max Response Time,Average Content Size,Requests/s,Failures/s,50%,66%,75%,80%,90%,95%,98%,99%,99.9%,99.99%,100%
GET,/?p=5,19920,0,5,99.08114061004129,2.0302339999034302,3915.601825000522,2584.846485943775,331.9615443750097,0.0,5,7,9,11,20,150,1900,3300,3800,3900,3900
,Aggregated,19920,0,5,99.08114061004129,2.0302339999034302,3915.601825000522,2584.846485943775,331.9615443750097,0.0,5,7,9,11,20,150,1900,3300,3800,3900,3900
