Type,Name,Request Count,Failure Count,Median Response Time,Average Response Time,Min Response Time,Max Response Time,Average Content Size,Requests/s,Failures/s,50%,66%,75%,80%,90%,95%,98%,99%,99.9%,99.99%,100%
GET,/?p=5,2017,0,12,16.287028426873118,2.25811100062856,208.10982799957856,2432.1928606841843,33.62156471334108,0.0,12,13,14,14,17,26,130,170,200,210,210
,Aggregated,2017,0,12,16.287028426873118,2.25811100062856,208.10982799957856,2432.1928606841843,33.62156471334108,0.0,12,13,14,14,17,26,130,170,200,210,210
