Type,Name,Request Count,Failure Count,Median Response Time,Average Response Time,Min Response Time,Max Response Time,Average Content Size,Requests/s,Failures/s,50%,66%,75%,80%,90%,95%,98%,99%,99.9%,99.99%,100%
GET,/?p=1,2063,0,12,17.712192971391765,2.24657400030992,243.61049600065598,2545.131846825012,34.388552323893336,0.0,12,13,14,14,17,25,170,210,240,240,240
,Aggregated,2063,0,12,17.712192971391765,2.24657400030992,243.61049600065598,2545.131846825012,34.388552323893336,0.0,12,13,14,14,17,25,170,210,240,240,240
