Type,Name,Request Count,Failure Count,Median Response Time,Average Response Time,Min Response Time,Max Response Time,Average Content Size,Requests/s,Failures/s,50%,66%,75%,80%,90%,95%,98%,99%,99.9%,99.99%,100%
GET,/?p=1,209,0,13,12.374872143482207,4.761041000165278,24.354402999961167,2367.956937799043,3.482127600514456,0.0,13,14,14,14,15,17,20,21,24,24,24
,Aggregated,209,0,13,12.374872143482207,4.761041000165278,24.354402999961167,2367.956937799043,3.482127600514456,0.0,13,14,14,14,15,17,20,21,24,24,24
