Type,Name,Request Count,Failure Count,Median Response Time,Average Response Time,Min Response Time,Max Response Time,Average Content Size,Requests/s,Failures/s,50%,66%,75%,80%,90%,95%,98%,99%,99.9%,99.99%,100%
GET,/?p=5,208,0,13,11.454016495174702,3.0856989997118944,26.89786599967192,2383.1634615384614,3.466600050616881,0.0,13,13,14,14,14,15,17,19,27,27,27
,Aggregated,208,0,13,11.454016495174702,3.0856989997118944,26.89786599967192,2383.1634615384614,3.466600050616881,0.0,13,13,14,14,14,15,17,19,27,27,27
